DataZone,cluster_1_membership,cluster_2_membership,max_membership,hard_label,core_borderline_flag
S01008163,0.6421985546742862,0.35780144532571384,0.6421985546742862,1,core
S01008164,0.32783424019205804,0.6721657598079419,0.6721657598079419,2,core
S01008165,0.22902284799890749,0.7709771520010925,0.7709771520010925,2,core
S01008166,0.5583661490164975,0.4416338509835024,0.5583661490164975,1,borderline
S01008167,0.7135597844797952,0.2864402155202049,0.7135597844797952,1,core
S01008168,0.7777224317635004,0.22227756823649952,0.7777224317635004,1,core
S01008169,0.6636267233665484,0.3363732766334515,0.6636267233665484,1,core
S01008171,0.7489283522039417,0.25107164779605834,0.7489283522039417,1,core
S01008172,0.2681492058119185,0.7318507941880815,0.7318507941880815,2,core
S01008173,0.15992178387441314,0.8400782161255869,0.8400782161255869,2,core
S01008174,0.4454724565412898,0.5545275434587102,0.5545275434587102,2,borderline
S01008175,0.6995051110459471,0.3004948889540528,0.6995051110459471,1,core
S01008176,0.23928598468102844,0.7607140153189716,0.7607140153189716,2,core
S01008177,0.5905255050025281,0.4094744949974719,0.5905255050025281,1,borderline
S01008179,0.1593880553675496,0.8406119446324505,0.8406119446324505,2,core
S01008180,0.1306441469963318,0.8693558530036682,0.8693558530036682,2,core
S01008181,0.07958886130572687,0.920411138694273,0.920411138694273,2,core
S01008182,0.5641461940740007,0.4358538059259993,0.5641461940740007,1,borderline
S01008183,0.23458406921212954,0.7654159307878705,0.7654159307878705,2,core
S01008184,0.770263031961096,0.22973696803890387,0.770263031961096,1,core
S01008185,0.8066386371089471,0.1933613628910528,0.8066386371089471,1,core
S01008186,0.6015229429237098,0.3984770570762902,0.6015229429237098,1,core
S01008187,0.757071628755888,0.2429283712441121,0.757071628755888,1,core
S01008188,0.908255534668319,0.0917444653316811,0.908255534668319,1,core
S01008189,0.32296450701009566,0.6770354929899043,0.6770354929899043,2,core
S01008190,0.6695619584427835,0.3304380415572165,0.6695619584427835,1,core
S01008191,0.6627524619062201,0.33724753809377994,0.6627524619062201,1,core
S01008192,0.7178303459125542,0.28216965408744565,0.7178303459125542,1,core
S01008193,0.2879407004233826,0.7120592995766174,0.7120592995766174,2,core
S01008194,0.5962931756369448,0.4037068243630551,0.5962931756369448,1,borderline
S01008195,0.7683364078851309,0.23166359211486917,0.7683364078851309,1,core
S01008196,0.7773638095508378,0.22263619044916225,0.7773638095508378,1,core
S01008197,0.1675250990364195,0.8324749009635806,0.8324749009635806,2,core
S01008198,0.7641161959965613,0.23588380400343872,0.7641161959965613,1,core
S01008199,0.8625135329453212,0.13748646705467887,0.8625135329453212,1,core
S01008200,0.8716844628428037,0.1283155371571964,0.8716844628428037,1,core
S01008201,0.7803814018221363,0.2196185981778636,0.7803814018221363,1,core
S01008202,0.6115873012466494,0.38841269875335055,0.6115873012466494,1,core
S01008203,0.7748655406339904,0.22513445936600962,0.7748655406339904,1,core
S01008204,0.794546206331104,0.2054537936688961,0.794546206331104,1,core
S01008205,0.8325126503036129,0.16748734969638723,0.8325126503036129,1,core
S01008206,0.7929388094290324,0.20706119057096756,0.7929388094290324,1,core
S01008207,0.8588186977367035,0.14118130226329645,0.8588186977367035,1,core
S01008208,0.2684645878187563,0.7315354121812437,0.7315354121812437,2,core
S01008210,0.6177260404090426,0.3822739595909575,0.6177260404090426,1,core
S01008211,0.6426033406602619,0.3573966593397382,0.6426033406602619,1,core
S01008213,0.17720969921408955,0.8227903007859104,0.8227903007859104,2,core
S01008214,0.8558674690145959,0.1441325309854042,0.8558674690145959,1,core
S01008215,0.36824044231889236,0.6317595576811077,0.6317595576811077,2,core
S01008217,0.1500007908949083,0.8499992091050917,0.8499992091050917,2,core
S01008218,0.13379335990055763,0.8662066400994424,0.8662066400994424,2,core
S01008219,0.7748498799068576,0.22515012009314242,0.7748498799068576,1,core
S01008220,0.8438297813743458,0.15617021862565425,0.8438297813743458,1,core
S01008221,0.7782701247436822,0.22172987525631777,0.7782701247436822,1,core
S01008222,0.7821529763419015,0.21784702365809852,0.7821529763419015,1,core
S01008223,0.6965151600306798,0.30348483996932013,0.6965151600306798,1,core
S01008224,0.2639624364012876,0.7360375635987123,0.7360375635987123,2,core
S01008225,0.45545026895343865,0.5445497310465612,0.5445497310465612,2,borderline
S01008226,0.8073537748727757,0.19264622512722435,0.8073537748727757,1,core
S01008227,0.8379095905033038,0.1620904094966962,0.8379095905033038,1,core
S01008228,0.17647370718457076,0.8235262928154292,0.8235262928154292,2,core
S01008229,0.7380778710531202,0.2619221289468799,0.7380778710531202,1,core
S01008230,0.1221618638218965,0.8778381361781035,0.8778381361781035,2,core
S01008231,0.1557200941586649,0.8442799058413352,0.8442799058413352,2,core
S01008232,0.19172735706151842,0.8082726429384817,0.8082726429384817,2,core
S01008233,0.1713160765870426,0.8286839234129574,0.8286839234129574,2,core
S01008234,0.6177719529121918,0.3822280470878083,0.6177719529121918,1,core
S01008235,0.6898949111782913,0.31010508882170884,0.6898949111782913,1,core
S01008236,0.566937933657774,0.433062066342226,0.566937933657774,1,borderline
S01008237,0.44297017463438254,0.5570298253656175,0.5570298253656175,2,borderline
S01008238,0.6253955654382913,0.3746044345617086,0.6253955654382913,1,core
S01008239,0.480249388920128,0.519750611079872,0.519750611079872,2,borderline
S01008240,0.19673883275297596,0.8032611672470241,0.8032611672470241,2,core
S01008241,0.10590348138830145,0.8940965186116985,0.8940965186116985,2,core
S01008242,0.21442577145881614,0.7855742285411839,0.7855742285411839,2,core
S01008243,0.31037966123443017,0.6896203387655698,0.6896203387655698,2,core
S01008244,0.2847091028658403,0.7152908971341597,0.7152908971341597,2,core
S01008245,0.27001228682075357,0.7299877131792464,0.7299877131792464,2,core
S01008246,0.31115607352447233,0.6888439264755276,0.6888439264755276,2,core
S01008248,0.4336665798585821,0.5663334201414181,0.5663334201414181,2,borderline
S01008249,0.42333910618623005,0.57666089381377,0.57666089381377,2,borderline
S01008250,0.3489566552727055,0.6510433447272945,0.6510433447272945,2,core
S01008251,0.13820945396330203,0.861790546036698,0.861790546036698,2,core
S01008252,0.22582107499857007,0.7741789250014299,0.7741789250014299,2,core
S01008253,0.45857120065523616,0.5414287993447638,0.5414287993447638,2,borderline
S01008254,0.5854169101138155,0.41458308988618464,0.5854169101138155,1,borderline
S01008255,0.532258577383139,0.46774142261686097,0.532258577383139,1,borderline
S01008256,0.8845636494237814,0.11543635057621865,0.8845636494237814,1,core
S01008257,0.774295728023731,0.22570427197626902,0.774295728023731,1,core
S01008258,0.11798355404994383,0.8820164459500562,0.8820164459500562,2,core
S01008259,0.4084266499714556,0.5915733500285443,0.5915733500285443,2,borderline
S01008260,0.9199007501038655,0.08009924989613447,0.9199007501038655,1,core
S01008261,0.7549648095603329,0.2450351904396672,0.7549648095603329,1,core
S01008262,0.42290278845933676,0.5770972115406632,0.5770972115406632,2,borderline
S01008263,0.272780889111961,0.7272191108880389,0.7272191108880389,2,core
S01008264,0.2633078801450875,0.7366921198549126,0.7366921198549126,2,core
S01008265,0.15359391842031972,0.8464060815796802,0.8464060815796802,2,core
S01008266,0.22501834325270026,0.7749816567472998,0.7749816567472998,2,core
S01008267,0.37314289017179053,0.6268571098282094,0.6268571098282094,2,core
S01008268,0.13735169951289183,0.8626483004871082,0.8626483004871082,2,core
S01008270,0.14899314730226865,0.8510068526977314,0.8510068526977314,2,core
S01008271,0.6036767478563733,0.39632325214362685,0.6036767478563733,1,core
S01008272,0.2716874044722505,0.7283125955277494,0.7283125955277494,2,core
S01008273,0.19919156024398751,0.8008084397560125,0.8008084397560125,2,core
S01008274,0.4883196101477459,0.5116803898522542,0.5116803898522542,2,borderline
S01008275,0.13981672049082042,0.8601832795091795,0.8601832795091795,2,core
S01008277,0.41866885529258163,0.5813311447074183,0.5813311447074183,2,borderline
S01008279,0.2684207939706588,0.7315792060293411,0.7315792060293411,2,core
S01008280,0.20078322804078721,0.7992167719592128,0.7992167719592128,2,core
S01008282,0.43405989607466555,0.5659401039253346,0.5659401039253346,2,borderline
S01008283,0.277157102451105,0.7228428975488951,0.7228428975488951,2,core
S01008284,0.3052434439210643,0.6947565560789356,0.6947565560789356,2,core
S01008285,0.7685084041483694,0.2314915958516306,0.7685084041483694,1,core
S01008286,0.5543476400061945,0.4456523599938054,0.5543476400061945,1,borderline
S01008287,0.27460131357688705,0.7253986864231129,0.7253986864231129,2,core
S01008288,0.4336325986708959,0.5663674013291041,0.5663674013291041,2,borderline
S01008289,0.7206627463492035,0.27933725365079654,0.7206627463492035,1,core
S01008290,0.49552875440119726,0.5044712455988029,0.5044712455988029,2,borderline
S01008291,0.2288042826113945,0.7711957173886055,0.7711957173886055,2,core
S01008292,0.5143799991554546,0.48562000084454543,0.5143799991554546,1,borderline
S01008293,0.1872617961377801,0.8127382038622198,0.8127382038622198,2,core
S01008294,0.0738495239533309,0.9261504760466691,0.9261504760466691,2,core
S01008417,0.2840937500470356,0.7159062499529644,0.7159062499529644,2,core
S01008418,0.2078474674448009,0.792152532555199,0.792152532555199,2,core
S01008419,0.18616852193091393,0.813831478069086,0.813831478069086,2,core
S01008420,0.1402550547644115,0.8597449452355885,0.8597449452355885,2,core
S01008421,0.5815984810012438,0.41840151899875616,0.5815984810012438,1,borderline
S01008422,0.12856325149147976,0.8714367485085203,0.8714367485085203,2,core
S01008423,0.21814840980874547,0.7818515901912545,0.7818515901912545,2,core
S01008425,0.19818319231375545,0.8018168076862445,0.8018168076862445,2,core
S01008426,0.5880707300694491,0.4119292699305509,0.5880707300694491,1,borderline
S01008427,0.22602268558727828,0.7739773144127217,0.7739773144127217,2,core
S01008428,0.5628247897628852,0.43717521023711475,0.5628247897628852,1,borderline
S01008429,0.16314017502341643,0.8368598249765835,0.8368598249765835,2,core
S01008430,0.15245074913611256,0.8475492508638873,0.8475492508638873,2,core
S01008431,0.1404713084968388,0.8595286915031611,0.8595286915031611,2,core
S01008432,0.15203999409352897,0.847960005906471,0.847960005906471,2,core
S01008433,0.09957460001745427,0.9004253999825457,0.9004253999825457,2,core
S01008434,0.0656590833320716,0.9343409166679283,0.9343409166679283,2,core
S01008435,0.086254071981389,0.9137459280186111,0.9137459280186111,2,core
S01008436,0.09853151603554365,0.9014684839644564,0.9014684839644564,2,core
S01008437,0.057053809433974645,0.9429461905660255,0.9429461905660255,2,core
S01008438,0.27999576535936954,0.7200042346406305,0.7200042346406305,2,core
S01008439,0.13420154044879384,0.8657984595512062,0.8657984595512062,2,core
S01008440,0.2186906064726344,0.7813093935273655,0.7813093935273655,2,core
S01008441,0.16935972468790378,0.8306402753120962,0.8306402753120962,2,core
S01008442,0.15395201192809777,0.8460479880719023,0.8460479880719023,2,core
S01008443,0.1496037309030553,0.8503962690969448,0.8503962690969448,2,core
S01008444,0.1619801907765755,0.8380198092234246,0.8380198092234246,2,core
S01008445,0.18985834706314486,0.8101416529368551,0.8101416529368551,2,core
S01008446,0.1512358977821354,0.8487641022178646,0.8487641022178646,2,core
S01008447,0.12774069868919888,0.8722593013108011,0.8722593013108011,2,core
S01008448,0.23496120413149366,0.7650387958685064,0.7650387958685064,2,core
S01008449,0.8839434932027308,0.11605650679726918,0.8839434932027308,1,core
S01008450,0.8676804283400474,0.13231957165995256,0.8676804283400474,1,core
S01008451,0.7711518628333933,0.22884813716660668,0.7711518628333933,1,core
S01008452,0.7539982743723245,0.2460017256276756,0.7539982743723245,1,core
S01008453,0.6238508090282303,0.3761491909717697,0.6238508090282303,1,core
S01008454,0.8880616874280944,0.11193831257190558,0.8880616874280944,1,core
S01008455,0.867280019833926,0.13271998016607411,0.867280019833926,1,core
S01008456,0.7772041330316604,0.22279586696833967,0.7772041330316604,1,core
S01008457,0.8799060768425973,0.12009392315740276,0.8799060768425973,1,core
S01008458,0.7401767205644485,0.2598232794355515,0.7401767205644485,1,core
S01008459,0.6755754056264326,0.32442459437356747,0.6755754056264326,1,core
S01008460,0.7552966633636874,0.24470333663631252,0.7552966633636874,1,core
S01008461,0.7756763273477972,0.22432367265220288,0.7756763273477972,1,core
S01008462,0.7227282939250297,0.2772717060749704,0.7227282939250297,1,core
S01008463,0.7630568409628687,0.2369431590371312,0.7630568409628687,1,core
S01008464,0.4330694249231373,0.5669305750768626,0.5669305750768626,2,borderline
S01008465,0.4762331672513148,0.5237668327486853,0.5237668327486853,2,borderline
S01008466,0.7036410522351891,0.2963589477648109,0.7036410522351891,1,core
S01008467,0.5167993088896277,0.4832006911103722,0.5167993088896277,1,borderline
S01008468,0.7278961228332201,0.27210387716677986,0.7278961228332201,1,core
S01008469,0.44322564352599503,0.556774356474005,0.556774356474005,2,borderline
S01008470,0.8174035513148529,0.1825964486851471,0.8174035513148529,1,core
S01008471,0.797386425789289,0.20261357421071094,0.797386425789289,1,core
S01008472,0.815973404261849,0.18402659573815103,0.815973404261849,1,core
S01008473,0.8579138484703867,0.1420861515296133,0.8579138484703867,1,core
S01008474,0.8541669850074245,0.1458330149925755,0.8541669850074245,1,core
S01008475,0.7810111672994948,0.21898883270050518,0.7810111672994948,1,core
S01008476,0.9231976249876623,0.0768023750123377,0.9231976249876623,1,core
S01008477,0.8032636612399326,0.1967363387600674,0.8032636612399326,1,core
S01008478,0.9142029356439384,0.08579706435606149,0.9142029356439384,1,core
S01008479,0.8653103387883403,0.13468966121165976,0.8653103387883403,1,core
S01008480,0.6727769048144715,0.32722309518552856,0.6727769048144715,1,core
S01008481,0.7106794237802161,0.28932057621978385,0.7106794237802161,1,core
S01008482,0.7998671408225543,0.20013285917744572,0.7998671408225543,1,core
S01008483,0.7068743694543779,0.29312563054562224,0.7068743694543779,1,core
S01008484,0.44431401440261875,0.5556859855973811,0.5556859855973811,2,borderline
S01008485,0.23895561216173047,0.7610443878382697,0.7610443878382697,2,core
S01008486,0.5279117773108958,0.4720882226891043,0.5279117773108958,1,borderline
S01008487,0.2425702172252486,0.7574297827747515,0.7574297827747515,2,core
S01008488,0.43523327286256824,0.5647667271374317,0.5647667271374317,2,borderline
S01008489,0.6833970027718763,0.31660299722812374,0.6833970027718763,1,core
S01008490,0.447795645227575,0.552204354772425,0.552204354772425,2,borderline
S01008492,0.656315756738984,0.343684243261016,0.656315756738984,1,core
S01008493,0.8722649468469491,0.1277350531530509,0.8722649468469491,1,core
S01008494,0.6239783348972849,0.3760216651027151,0.6239783348972849,1,core
S01008498,0.6090229985798185,0.39097700142018155,0.6090229985798185,1,core
S01008500,0.7444346694395292,0.25556533056047087,0.7444346694395292,1,core
S01008504,0.18542896147761187,0.814571038522388,0.814571038522388,2,core
S01008505,0.1750153488094682,0.8249846511905318,0.8249846511905318,2,core
S01008506,0.23100203512333975,0.7689979648766602,0.7689979648766602,2,core
S01008507,0.22965036085198365,0.7703496391480164,0.7703496391480164,2,core
S01008508,0.13184566716034612,0.8681543328396539,0.8681543328396539,2,core
S01008509,0.16717594104333813,0.8328240589566618,0.8328240589566618,2,core
S01008510,0.09531043837114936,0.9046895616288506,0.9046895616288506,2,core
S01008511,0.22592555362676667,0.7740744463732333,0.7740744463732333,2,core
S01008512,0.1522882373337648,0.8477117626662353,0.8477117626662353,2,core
S01008513,0.15067656908561355,0.8493234309143863,0.8493234309143863,2,core
S01008514,0.08354527838830182,0.9164547216116982,0.9164547216116982,2,core
S01008515,0.14046222210161258,0.8595377778983875,0.8595377778983875,2,core
S01008516,0.38214352010961206,0.617856479890388,0.617856479890388,2,core
S01008517,0.25972712843247797,0.740272871567522,0.740272871567522,2,core
S01008518,0.16658617673736162,0.8334138232626385,0.8334138232626385,2,core
S01008519,0.16373181136642587,0.8362681886335741,0.8362681886335741,2,core
S01008520,0.2017599269742669,0.7982400730257331,0.7982400730257331,2,core
S01008521,0.157891775585216,0.8421082244147841,0.8421082244147841,2,core
S01008522,0.20840153233930075,0.7915984676606992,0.7915984676606992,2,core
S01008524,0.7402584386333031,0.25974156136669685,0.7402584386333031,1,core
S01008525,0.7619667370022883,0.23803326299771177,0.7619667370022883,1,core
S01008526,0.6324560201506484,0.3675439798493515,0.6324560201506484,1,core
S01008527,0.3393844572736421,0.6606155427263579,0.6606155427263579,2,core
S01008528,0.2163491482184881,0.783650851781512,0.783650851781512,2,core
S01008529,0.4642627249687803,0.5357372750312196,0.5357372750312196,2,borderline
S01008530,0.7845272883294774,0.2154727116705227,0.7845272883294774,1,core
S01008531,0.8424155178507077,0.1575844821492924,0.8424155178507077,1,core
S01008532,0.5961474120490976,0.4038525879509024,0.5961474120490976,1,borderline
S01008534,0.1515053867470634,0.8484946132529366,0.8484946132529366,2,core
S01008535,0.14511187219242744,0.8548881278075726,0.8548881278075726,2,core
S01008536,0.14696469163568893,0.8530353083643111,0.8530353083643111,2,core
S01008537,0.19715030441481687,0.802849695585183,0.802849695585183,2,core
S01008538,0.14469122284070973,0.8553087771592903,0.8553087771592903,2,core
S01008539,0.12434463870561388,0.8756553612943861,0.8756553612943861,2,core
S01008540,0.16075860078679916,0.8392413992132007,0.8392413992132007,2,core
S01008541,0.1384858252487927,0.8615141747512073,0.8615141747512073,2,core
S01008542,0.13875768486144863,0.8612423151385514,0.8612423151385514,2,core
S01008543,0.23742402503805152,0.7625759749619484,0.7625759749619484,2,core
S01008544,0.30081040426829453,0.6991895957317054,0.6991895957317054,2,core
S01008546,0.16726803381023805,0.832731966189762,0.832731966189762,2,core
S01008547,0.265131835655982,0.734868164344018,0.734868164344018,2,core
S01008548,0.15398652948901456,0.8460134705109853,0.8460134705109853,2,core
S01008549,0.3272766573034578,0.6727233426965422,0.6727233426965422,2,core
S01008551,0.3218202718818089,0.6781797281181912,0.6781797281181912,2,core
S01008552,0.09873199395720891,0.9012680060427911,0.9012680060427911,2,core
S01008553,0.5402695007268086,0.4597304992731915,0.5402695007268086,1,borderline
S01008554,0.8362569043772731,0.16374309562272696,0.8362569043772731,1,core
S01008555,0.8520059727171047,0.14799402728289535,0.8520059727171047,1,core
S01008556,0.9315466184403013,0.06845338155969867,0.9315466184403013,1,core
S01008557,0.8793160999333827,0.12068390006661739,0.8793160999333827,1,core
S01008558,0.8805867287702804,0.11941327122971956,0.8805867287702804,1,core
S01008559,0.7806503042511439,0.21934969574885607,0.7806503042511439,1,core
S01008560,0.9391641590871023,0.060835840912897815,0.9391641590871023,1,core
S01008561,0.8161965165953895,0.1838034834046104,0.8161965165953895,1,core
S01008562,0.7447691264382481,0.2552308735617519,0.7447691264382481,1,core
S01008563,0.8552201171968041,0.14477988280319576,0.8552201171968041,1,core
S01008564,0.7017539546043707,0.2982460453956292,0.7017539546043707,1,core
S01008565,0.8306517663950985,0.1693482336049014,0.8306517663950985,1,core
S01008566,0.8645491688916616,0.1354508311083385,0.8645491688916616,1,core
S01008567,0.8783309461027248,0.12166905389727518,0.8783309461027248,1,core
S01008568,0.1947747926536783,0.8052252073463216,0.8052252073463216,2,core
S01008569,0.6941457454086329,0.30585425459136706,0.6941457454086329,1,core
S01008570,0.8229169723173462,0.17708302768265374,0.8229169723173462,1,core
S01008571,0.7123799692167057,0.28762003078329434,0.7123799692167057,1,core
S01008572,0.6570135349353734,0.34298646506462654,0.6570135349353734,1,core
S01008573,0.12449438276739652,0.8755056172326035,0.8755056172326035,2,core
S01008574,0.21718873594854063,0.7828112640514594,0.7828112640514594,2,core
S01008575,0.12565751410201584,0.8743424858979841,0.8743424858979841,2,core
S01008576,0.14373915727125472,0.8562608427287454,0.8562608427287454,2,core
S01008577,0.4601448114586097,0.5398551885413903,0.5398551885413903,2,borderline
S01008578,0.2375983237298805,0.7624016762701195,0.7624016762701195,2,core
S01008579,0.17094203716215065,0.8290579628378493,0.8290579628378493,2,core
S01008580,0.42323105947102746,0.5767689405289725,0.5767689405289725,2,borderline
S01008581,0.8295453999005267,0.17045460009947327,0.8295453999005267,1,core
S01008582,0.9201779078438138,0.07982209215618614,0.9201779078438138,1,core
S01008583,0.8249122731413454,0.1750877268586546,0.8249122731413454,1,core
S01008584,0.593683668119071,0.40631633188092897,0.593683668119071,1,borderline
S01008585,0.6328757930186205,0.3671242069813795,0.6328757930186205,1,core
S01008586,0.7905896660731483,0.20941033392685168,0.7905896660731483,1,core
S01008587,0.15535570429276993,0.84464429570723,0.84464429570723,2,core
S01008588,0.14049190693903016,0.8595080930609699,0.8595080930609699,2,core
S01008589,0.131974574646559,0.868025425353441,0.868025425353441,2,core
S01008590,0.1090284216471383,0.8909715783528618,0.8909715783528618,2,core
S01008591,0.07404010750389547,0.9259598924961047,0.9259598924961047,2,core
S01008592,0.15506497585101764,0.84493502414898225,0.84493502414898225,2,core
S01008593,0.33394337285722064,0.6660566271427794,0.6660566271427794,2,core
S01008594,0.043047669191282195,0.9569523308087178,0.9569523308087178,2,core
S01008595,0.8063041662091874,0.1936958337908125,0.8063041662091874,1,core
S01008596,0.7528410572996173,0.2471589427003827,0.7528410572996173,1,core
S01008597,0.09573357496519758,0.9042664250348024,0.9042664250348024,2,core
S01008598,0.2495409687099091,0.750459031290091,0.750459031290091,2,core
S01008599,0.21637005621164446,0.7836299437883555,0.7836299437883555,2,core
S01008600,0.1935553622127491,0.806444637787251,0.806444637787251,2,core
S01008602,0.26681692678668684,0.7331830732133132,0.7331830732133132,2,core
S01008604,0.17832727450286248,0.8216727254971375,0.8216727254971375,2,core
S01008605,0.2941475416506016,0.7058524583493985,0.7058524583493985,2,core
S01008606,0.1203499896429831,0.8796500103570168,0.8796500103570168,2,core
S01008607,0.1984463033030811,0.8015536966969189,0.8015536966969189,2,core
S01008608,0.26445272248049084,0.7355472775195092,0.7355472775195092,2,core
S01008609,0.16091512501862654,0.8390848749813734,0.8390848749813734,2,core
S01008610,0.23065638522069884,0.7693436147793012,0.7693436147793012,2,core
S01008611,0.2637131946386862,0.7362868053613137,0.7362868053613137,2,core
S01008612,0.44707130846747795,0.5529286915325221,0.5529286915325221,2,borderline
S01008613,0.2598252001670641,0.7401747998329359,0.7401747998329359,2,core
S01008616,0.3672147538788122,0.6327852461211879,0.6327852461211879,2,core
S01008617,0.3046738991836704,0.6953261008163296,0.6953261008163296,2,core
S01008618,0.3381552058233411,0.6618447941766589,0.6618447941766589,2,core
S01008620,0.31444752411184806,0.6855524758881519,0.6855524758881519,2,core
S01008622,0.30635623390648126,0.6936437660935186,0.6936437660935186,2,core
S01008623,0.25838790845749754,0.7416120915425024,0.7416120915425024,2,core
S01008624,0.2366550279241817,0.7633449720758182,0.7633449720758182,2,core
S01008625,0.21370150707748686,0.7862984929225131,0.7862984929225131,2,core
S01008626,0.20481895143441248,0.7951810485655876,0.7951810485655876,2,core
S01008627,0.265013277865923,0.734986722134077,0.734986722134077,2,core
S01008628,0.25329199516152373,0.7467080048384763,0.7467080048384763,2,core
S01008629,0.3598350505765065,0.6401649494234934,0.6401649494234934,2,core
S01008630,0.37950425310752367,0.6204957468924762,0.6204957468924762,2,core
S01008631,0.3380807883183829,0.6619192116816173,0.6619192116816173,2,core
S01008632,0.5860356619757366,0.4139643380242633,0.5860356619757366,1,borderline
S01008633,0.13531532178720543,0.8646846782127946,0.8646846782127946,2,core
S01008634,0.18147448034554708,0.818525519654453,0.818525519654453,2,core
S01008635,0.2484762549728748,0.7515237450271252,0.7515237450271252,2,core
S01008636,0.3133466127548502,0.6866533872451498,0.6866533872451498,2,core
S01008637,0.3393935159019232,0.6606064840980768,0.6606064840980768,2,core
S01008639,0.3459570665812913,0.6540429334187087,0.6540429334187087,2,core
S01008640,0.3350993784992064,0.6649006215007937,0.6649006215007937,2,core
S01008641,0.3562690292401466,0.6437309707598534,0.6437309707598534,2,core
S01008642,0.3179426366954493,0.6820573633045508,0.6820573633045508,2,core
S01008643,0.2729576269163813,0.7270423730836187,0.7270423730836187,2,core
S01008644,0.35456599524968757,0.6454340047503125,0.6454340047503125,2,core
S01008645,0.3191029032780538,0.6808970967219462,0.6808970967219462,2,core
S01008646,0.337670343447587,0.662329656552413,0.662329656552413,2,core
S01008650,0.5058800240404657,0.4941199759595343,0.5058800240404657,1,borderline
S01008651,0.5353378085149358,0.46466219148506416,0.5353378085149358,1,borderline
S01008653,0.6292287768782872,0.3707712231217128,0.6292287768782872,1,core
S01008657,0.5612202982307689,0.4387797017692311,0.5612202982307689,1,borderline
S01008658,0.5486909282483856,0.45130907175161433,0.5486909282483856,1,borderline
S01008659,0.7031850932615475,0.2968149067384524,0.7031850932615475,1,core
S01008661,0.5318883070200857,0.46811169297991423,0.5318883070200857,1,borderline
S01008663,0.6085476526771293,0.3914523473228707,0.6085476526771293,1,core
S01008665,0.5154053333302197,0.4845946666697804,0.5154053333302197,1,borderline
S01008666,0.3717048681632554,0.6282951318367447,0.6282951318367447,2,core
S01008667,0.36455226822233094,0.6354477317776691,0.6354477317776691,2,core
S01008673,0.4566987813390714,0.5433012186609286,0.5433012186609286,2,borderline
S01008681,0.5940752283817443,0.40592477161825563,0.5940752283817443,1,borderline
S01008682,0.5790399260969137,0.42096007390308626,0.5790399260969137,1,borderline
S01008683,0.7082486312823434,0.29175136871765656,0.7082486312823434,1,core
S01008684,0.7114081165879016,0.2885918834120984,0.7114081165879016,1,core
S01008685,0.6838776609033014,0.31612233909669857,0.6838776609033014,1,core
S01008686,0.6503076581687542,0.3496923418312457,0.6503076581687542,1,core
S01008690,0.3311097680245697,0.6688902319754303,0.6688902319754303,2,core
S01008691,0.5160955889539682,0.48390441104603177,0.5160955889539682,1,borderline
S01008692,0.4738914470600632,0.5261085529399367,0.5261085529399367,2,borderline
S01008693,0.184962712365824,0.815037287634176,0.815037287634176,2,core
S01008694,0.306333662179783,0.6936663378202169,0.6936663378202169,2,core
S01008695,0.17402459303593326,0.8259754069640667,0.8259754069640667,2,core
S01008696,0.128238094112802,0.871761905887198,0.871761905887198,2,core
S01008697,0.07759234038293447,0.9224076596170655,0.9224076596170655,2,core
S01008698,0.09310844931862336,0.9068915506813766,0.9068915506813766,2,core
S01008699,0.7098757168393374,0.29012428316066263,0.7098757168393374,1,core
S01008700,0.1815966218468852,0.8184033781531148,0.8184033781531148,2,core
S01008701,0.88525391208027715,0.11474608791972292,0.88525391208027715,1,core
S01008702,0.56284567158396,0.43715432841603996,0.56284567158396,1,borderline
S01008703,0.8032743114847524,0.19672568851524766,0.8032743114847524,1,core
S01008704,0.6754368768727338,0.32456312312726626,0.6754368768727338,1,core
S01008705,0.772764657551819,0.22723534244818105,0.772764657551819,1,core
S01008706,0.8121815210027856,0.1878184789972143,0.8121815210027856,1,core
S01008707,0.7606020184900537,0.2393979815099462,0.7606020184900537,1,core
S01008708,0.7132695856300203,0.2867304143699798,0.7132695856300203,1,core
S01008709,0.860204193970348,0.13979580602965205,0.860204193970348,1,core
S01008710,0.7890091730323494,0.21099082696765067,0.7890091730323494,1,core
S01008711,0.8563685381868601,0.1436314618131399,0.8563685381868601,1,core
S01008712,0.7425248925963608,0.25747510740363927,0.7425248925963608,1,core
S01008713,0.7863526494512055,0.21364735054879447,0.7863526494512055,1,core
S01008714,0.7991496707361895,0.2008503292638105,0.7991496707361895,1,core
S01008715,0.8775866211190868,0.12241337888091325,0.8775866211190868,1,core
S01008716,0.8724328201521367,0.12756717984786334,0.8724328201521367,1,core
S01008717,0.4555572148822602,0.5444427851177398,0.5444427851177398,2,borderline
S01008718,0.40418784708117456,0.5958121529188255,0.5958121529188255,2,borderline
S01008719,0.4320400184612169,0.5679599815387831,0.5679599815387831,2,borderline
S01008720,0.6570432466953431,0.342956753304657,0.6570432466953431,1,core
S01008721,0.20970919140776653,0.7902908085922334,0.7902908085922334,2,core
S01008722,0.13914720594529953,0.8608527940547006,0.8608527940547006,2,core
S01008723,0.12675533219758092,0.873244667802419,0.873244667802419,2,core
S01008724,0.07452361548824586,0.9254763845117541,0.9254763845117541,2,core
S01008725,0.17943559268147496,0.820564407318525,0.820564407318525,2,core
S01008726,0.15729273184370343,0.8427072681562966,0.8427072681562966,2,core
S01008727,0.3043067627532909,0.6956932372467091,0.6956932372467091,2,core
S01008728,0.6575371574439011,0.34246284255609893,0.6575371574439011,1,core
S01008729,0.3023036690013943,0.6976963309986057,0.6976963309986057,2,core
S01008730,0.5291814701226153,0.47081852987738476,0.5291814701226153,1,borderline
S01008731,0.7911023257000548,0.20889767429994524,0.7911023257000548,1,core
S01008732,0.7058854234303811,0.29411457656961887,0.7058854234303811,1,core
S01008733,0.5162268815592415,0.48377311844075865,0.5162268815592415,1,borderline
S01008734,0.3241545131308921,0.6758454868691078,0.6758454868691078,2,core
S01008735,0.24612277528043924,0.7538772247195608,0.7538772247195608,2,core
S01008736,0.3403402654401225,0.6596597345598774,0.6596597345598774,2,core
S01008737,0.09309238599750265,0.9069076140024973,0.9069076140024973,2,core
S01008738,0.19929051529402128,0.8007094847059787,0.8007094847059787,2,core
S01008739,0.11312202217084771,0.8868779778291522,0.8868779778291522,2,core
S01008740,0.1323810013622893,0.8676189986377106,0.8676189986377106,2,core
S01008741,0.15215082664136845,0.8478491733586316,0.8478491733586316,2,core
S01008742,0.4382517596130512,0.5617482403869488,0.5617482403869488,2,borderline
S01008743,0.8013518326625244,0.19864816733747553,0.8013518326625244,1,core
S01008744,0.5963972715326396,0.4036027284673604,0.5963972715326396,1,borderline
S01008745,0.2035199284465346,0.7964800715534653,0.7964800715534653,2,core
S01008746,0.8392710035040568,0.16072899649594305,0.8392710035040568,1,core
S01008747,0.2450001580887863,0.7549998419112137,0.7549998419112137,2,core
S01008748,0.1849174717009458,0.8150825282990543,0.8150825282990543,2,core
S01008749,0.15144364426172036,0.8485563557382797,0.8485563557382797,2,core
S01008750,0.26885310667269047,0.7311468933273095,0.7311468933273095,2,core
S01008751,0.6337308052551474,0.3662691947448527,0.6337308052551474,1,core
S01008752,0.7425740159893459,0.2574259840106542,0.7425740159893459,1,core
S01008753,0.8614122324680379,0.1385877675319622,0.8614122324680379,1,core
S01008754,0.8785919772643516,0.12140802273564844,0.8785919772643516,1,core
S01008755,0.8325162384198279,0.16748376158017217,0.8325162384198279,1,core
S01008756,0.8232083292436834,0.17679167075631658,0.8232083292436834,1,core
S01008757,0.658778272600952,0.341221727399048,0.658778272600952,1,core
S01008758,0.7932848976453494,0.2067151023546507,0.7932848976453494,1,core
S01008759,0.8253172054562871,0.17468279454371294,0.8253172054562871,1,core
S01008760,0.765237251244581,0.234762748755419,0.765237251244581,1,core
S01008761,0.6347488252580586,0.36525117474194135,0.6347488252580586,1,core
S01008762,0.3680810919687758,0.6319189080312242,0.6319189080312242,2,core
S01008763,0.24397659098026017,0.7560234090197397,0.7560234090197397,2,core
S01008764,0.3590723888587001,0.6409276111412998,0.6409276111412998,2,core
S01008765,0.43829789865207097,0.5617021013479289,0.5617021013479289,2,borderline
S01008766,0.247969406116506,0.752030593883494,0.752030593883494,2,core
S01008767,0.2900477954645271,0.7099522045354728,0.7099522045354728,2,core
S01008768,0.7628288617938211,0.2371711382061788,0.7628288617938211,1,core
S01008769,0.4493622614129766,0.5506377385870234,0.5506377385870234,2,borderline
S01008770,0.2792002214358715,0.7207997785641286,0.7207997785641286,2,core
S01008771,0.4211195840379912,0.5788804159620088,0.5788804159620088,2,borderline
S01008772,0.39745909496726994,0.60254090503273,0.60254090503273,2,core
S01008773,0.6938914790091196,0.30610852099088043,0.6938914790091196,1,core
S01008774,0.8123017432741905,0.18769825672580953,0.8123017432741905,1,core
S01008775,0.5163344520435431,0.48366554795645694,0.5163344520435431,1,borderline
S01008776,0.7237935087841583,0.2762064912158417,0.7237935087841583,1,core
S01008777,0.726954224102206,0.27304577589779394,0.726954224102206,1,core
S01008778,0.6380487842287571,0.36195121577124284,0.6380487842287571,1,core
S01008779,0.1627607853038939,0.8372392146961061,0.8372392146961061,2,core
S01008781,0.8020736582199343,0.1979263417800658,0.8020736582199343,1,core
S01008782,0.7225463955616429,0.27745360443835715,0.7225463955616429,1,core
S01008784,0.704158543340259,0.2958414566597411,0.704158543340259,1,core
S01008785,0.8368346217988537,0.16316537820114632,0.8368346217988537,1,core
S01008786,0.5901198315081065,0.40988016849189346,0.5901198315081065,1,borderline
S01008787,0.6560190576756091,0.34398094232439097,0.6560190576756091,1,core
S01008789,0.7746200516663637,0.2253799483336362,0.7746200516663637,1,core
S01008791,0.4243315522769417,0.5756684477230583,0.5756684477230583,2,borderline
S01008792,0.7003671571568671,0.2996328428431328,0.7003671571568671,1,core
S01008793,0.6479030391727766,0.3520969608272234,0.6479030391727766,1,core
S01008794,0.8149205248523925,0.18507947514760742,0.8149205248523925,1,core
S01008795,0.5100513986725554,0.4899486013274445,0.5100513986725554,1,borderline
S01008796,0.6678664031610994,0.33213359683890065,0.6678664031610994,1,core
S01008797,0.5130573929323724,0.4869426070676276,0.5130573929323724,1,borderline
S01008798,0.5419202775920141,0.4580797224079857,0.5419202775920141,1,borderline
S01008799,0.5847146350716603,0.41528536492833973,0.5847146350716603,1,borderline
S01008802,0.5816302512283467,0.4183697487716533,0.5816302512283467,1,borderline
S01008803,0.6994570652162885,0.30054293478371163,0.6994570652162885,1,core
S01008806,0.41857273413895835,0.5814272658610418,0.5814272658610418,2,borderline
S01008807,0.5212110050049361,0.4787889949950638,0.5212110050049361,1,borderline
S01008808,0.5194687924378447,0.4805312075621552,0.5194687924378447,1,borderline
S01008810,0.3134095392616222,0.6865904607383779,0.6865904607383779,2,core
S01008812,0.3782777021734541,0.6217222978265458,0.6217222978265458,2,core
S01008813,0.7416233488490533,0.25837665115094666,0.7416233488490533,1,core
S01008814,0.4145458755963937,0.5854541244036062,0.5854541244036062,2,borderline
S01008815,0.5456864970542126,0.4543135029457874,0.5456864970542126,1,borderline
S01008816,0.6436524161381587,0.35634758386184123,0.6436524161381587,1,core
S01008817,0.7370854142469703,0.2629145857530296,0.7370854142469703,1,core
S01008818,0.16320745317613783,0.8367925468238622,0.8367925468238622,2,core
S01008819,0.3670704569284236,0.6329295430715763,0.6329295430715763,2,core
S01008820,0.7733541805253188,0.22664581947468118,0.7733541805253188,1,core
S01008821,0.3174486453089572,0.6825513546910429,0.6825513546910429,2,core
S01008822,0.24456154538143737,0.7554384546185626,0.7554384546185626,2,core
S01008823,0.24926397801253158,0.7507360219874685,0.7507360219874685,2,core
S01008824,0.22037976042896051,0.7796202395710395,0.7796202395710395,2,core
S01008825,0.19303812394664877,0.8069618760533512,0.8069618760533512,2,core
S01008826,0.48694021486324734,0.5130597851367527,0.5130597851367527,2,borderline
S01008827,0.1861666703562646,0.8138333296437354,0.8138333296437354,2,core
S01008828,0.1867609608815098,0.8132390391184902,0.8132390391184902,2,core
S01008829,0.2257991011170633,0.77420089888293675,0.77420089888293675,2,core
S01008830,0.18019133643776372,0.8198086635622363,0.8198086635622363,2,core
S01008831,0.20494813260838046,0.7950518673916196,0.7950518673916196,2,core
S01008832,0.2356189829730885,0.7643810170269115,0.7643810170269115,2,core
S01008833,0.22727985942145618,0.7727201405785438,0.7727201405785438,2,core
S01008834,0.1742279010626532,0.8257720989373468,0.8257720989373468,2,core
S01008835,0.18467732607916737,0.8153226739208327,0.8153226739208327,2,core
S01008836,0.7778690595557253,0.22213094044427487,0.7778690595557253,1,core
S01008837,0.4212080065690383,0.5787919934309617,0.5787919934309617,2,borderline
S01008838,0.4093149787614985,0.5906850212385014,0.5906850212385014,2,borderline
S01008839,0.316395733071689,0.6836042669283111,0.6836042669283111,2,core
S01008840,0.2314034361370954,0.7685965638629045,0.7685965638629045,2,core
S01008841,0.25935557353052907,0.7406444264694709,0.7406444264694709,2,core
S01008843,0.36229886616915485,0.6377011338308453,0.6377011338308453,2,core
S01008846,0.4641090803786142,0.5358909196213858,0.5358909196213858,2,borderline
S01008848,0.22013504352638424,0.7798649564736158,0.7798649564736158,2,core
S01008855,0.29667262304245823,0.7033273769575418,0.7033273769575418,2,core
S01008860,0.3940861770533828,0.6059138229466173,0.6059138229466173,2,core
S01008863,0.32040406201917193,0.6795959379808282,0.6795959379808282,2,core
S01008865,0.16848161308722734,0.8315183869127727,0.8315183869127727,2,core
S01008868,0.48140581828346407,0.5185941817165359,0.5185941817165359,2,borderline
S01008869,0.11583908023697269,0.8841609197630274,0.8841609197630274,2,core
S01008874,0.17549614350498735,0.8245038564950126,0.8245038564950126,2,core
S01008876,0.19794072916638822,0.8020592708336118,0.8020592708336118,2,core
S01008877,0.15711529874767446,0.8428847012523255,0.8428847012523255,2,core
S01008878,0.514730718064281,0.4852692819357191,0.514730718064281,1,borderline
S01008879,0.18987703352040813,0.8101229664795919,0.8101229664795919,2,core
S01008880,0.2479627443005667,0.7520372556994332,0.7520372556994332,2,core
S01008881,0.15843253380241173,0.8415674661975883,0.8415674661975883,2,core
S01008884,0.1447559461638076,0.8552440538361924,0.8552440538361924,2,core
S01008885,0.2993653101165263,0.7006346898834738,0.7006346898834738,2,core
S01008886,0.09192190464482691,0.908078095355173,0.908078095355173,2,core
S01008887,0.14428040061215539,0.8557195993878447,0.8557195993878447,2,core
S01008889,0.12471160608858825,0.8752883939114118,0.8752883939114118,2,core
S01008890,0.1775263364220362,0.8224736635779638,0.8224736635779638,2,core
S01008891,0.2069254171968815,0.7930745828031186,0.7930745828031186,2,core
S01008892,0.2100968600511979,0.789903139948802,0.789903139948802,2,core
S01008893,0.23191134035139813,0.768088659648602,0.768088659648602,2,core
S01008894,0.210518545172311,0.78948145482768906,0.78948145482768906,2,core
S01008895,0.1663323251467643,0.8336676748532357,0.8336676748532357,2,core
S01008897,0.14530795601562682,0.8546920439843732,0.8546920439843732,2,core
S01008898,0.23290085139813385,0.7670991486018661,0.7670991486018661,2,core
S01008899,0.8804938107646827,0.11950618923531717,0.8804938107646827,1,core
S01008900,0.8201139767182223,0.17988602328177777,0.8201139767182223,1,core
S01008901,0.8304657131384211,0.16953428686157893,0.8304657131384211,1,core
S01008902,0.7517839455805946,0.24821605441940547,0.7517839455805946,1,core
S01008903,0.7723658120212227,0.2276341879787773,0.7723658120212227,1,core
S01008904,0.7407085828450722,0.2592914171549278,0.7407085828450722,1,core
S01008905,0.7385580854475536,0.26144191455244636,0.7385580854475536,1,core
S01008906,0.819953637264563,0.18004636273543695,0.819953637264563,1,core
S01008907,0.797264629053709,0.20273537094629102,0.797264629053709,1,core
S01008908,0.8258703274764936,0.1741296725235064,0.8258703274764936,1,core
S01008909,0.7310935820576833,0.26890641794231673,0.7310935820576833,1,core
S01008910,0.4453840011559667,0.5546159988440333,0.5546159988440333,2,borderline
S01008911,0.4878379892978011,0.5121620107021989,0.5121620107021989,2,borderline
S01008912,0.06974416684562566,0.9302558331543743,0.9302558331543743,2,core
S01008913,0.3039715389692249,0.6960284610307751,0.6960284610307751,2,core
S01008914,0.4601975266178752,0.5398024733821248,0.5398024733821248,2,borderline
S01008915,0.26642304713097664,0.7335769528690235,0.7335769528690235,2,core
S01008916,0.876639561070694,0.12336043892930608,0.876639561070694,1,core
S01008917,0.7562062043925218,0.24379379560747813,0.7562062043925218,1,core
S01008918,0.7839273092279552,0.21607269077204488,0.7839273092279552,1,core
S01008919,0.7813420726677214,0.2186579273322787,0.7813420726677214,1,core
S01008920,0.21549634415236182,0.7845036558476381,0.7845036558476381,2,core
S01008921,0.7793342440547962,0.22066575594520374,0.7793342440547962,1,core
S01008922,0.8624307761189299,0.13756922388107015,0.8624307761189299,1,core
S01008923,0.8055294793441814,0.19447052065581863,0.8055294793441814,1,core
S01008924,0.8458113513252038,0.15418864867479623,0.8458113513252038,1,core
S01008925,0.6466308203586797,0.3533691796413204,0.6466308203586797,1,core
S01008926,0.5605268497406919,0.43947315025930805,0.5605268497406919,1,borderline
S01008927,0.6214855656164738,0.3785144343835262,0.6214855656164738,1,core
S01008928,0.8275995131320145,0.17240048686798545,0.8275995131320145,1,core
S01008929,0.6772285817694099,0.32277141823059013,0.6772285817694099,1,core
S01008930,0.7335729109792938,0.26642708902070616,0.7335729109792938,1,core
S01008931,0.8432679400320454,0.1567320599679546,0.8432679400320454,1,core
S01008932,0.6211302887690922,0.3788697112309079,0.6211302887690922,1,core
S01008933,0.8090274396816748,0.1909725603183253,0.8090274396816748,1,core
S01008934,0.9617443358967258,0.03825566410327417,0.9617443358967258,1,core
S01008935,0.0929149845721778,0.9070850154278223,0.9070850154278223,2,core
S01008936,0.2511644192360885,0.7488355807639114,0.7488355807639114,2,core
S01008937,0.2985453702007427,0.7014546297992572,0.7014546297992572,2,core
S01008938,0.2075741971069271,0.7924258028930729,0.7924258028930729,2,core
S01008939,0.0843243941635352,0.9156756058364648,0.9156756058364648,2,core
S01008940,0.27557017005422607,0.724429829945774,0.724429829945774,2,core
S01008941,0.10224671970343992,0.8977532802965601,0.8977532802965601,2,core
S01008942,0.16258978413005618,0.8374102158699438,0.8374102158699438,2,core
S01008943,0.1467503654038782,0.8532496345961219,0.8532496345961219,2,core
S01008944,0.155178716264629,0.844821283735371,0.844821283735371,2,core
S01008945,0.2600131306394077,0.7399868693605923,0.7399868693605923,2,core
S01008946,0.1849926903624916,0.8150073096375084,0.8150073096375084,2,core
S01008947,0.16900218607781142,0.8309978139221885,0.8309978139221885,2,core
S01008948,0.09746448583155731,0.9025355141684427,0.9025355141684427,2,core
S01008949,0.5258818867837017,0.47411811321629826,0.5258818867837017,1,borderline
S01008950,0.2341286406176102,0.7658713593823898,0.7658713593823898,2,core
S01008951,0.8203090150558033,0.17969098494419666,0.8203090150558033,1,core
S01008952,0.7898413600235031,0.2101586399764969,0.7898413600235031,1,core
S01008953,0.7977451970175479,0.20225480298245213,0.7977451970175479,1,core
S01008954,0.7733481122682694,0.22665188773173056,0.7733481122682694,1,core
S01008955,0.08991109708384872,0.9100889029161513,0.9100889029161513,2,core
S01008956,0.22857633842807118,0.7714236615719288,0.7714236615719288,2,core
S01008957,0.2438066791480838,0.7561933208519163,0.7561933208519163,2,core
S01008958,0.6365722949957799,0.36342770500422006,0.6365722949957799,1,core
S01008959,0.3083973624300305,0.6916026375699694,0.6916026375699694,2,core
S01008960,0.17370210245753173,0.8262978975424682,0.8262978975424682,2,core
S01008961,0.19279905851412332,0.8072009414858766,0.8072009414858766,2,core
S01008962,0.12744392920639833,0.8725560707936016,0.8725560707936016,2,core
S01008963,0.17680915069072953,0.8231908493092706,0.8231908493092706,2,core
S01008964,0.2167413063215906,0.7832586936784095,0.7832586936784095,2,core
S01008965,0.13634630370152878,0.8636536962984712,0.8636536962984712,2,core
S01008966,0.08802658788872132,0.9119734121112787,0.9119734121112787,2,core
S01008967,0.1768243950539531,0.8231756049460469,0.8231756049460469,2,core
S01008968,0.10584509675378714,0.8941549032462128,0.8941549032462128,2,core
S01008969,0.09304707086968604,0.906952929130314,0.906952929130314,2,core
S01008970,0.15241353272888972,0.8475864672711103,0.8475864672711103,2,core
S01008971,0.14824902152018948,0.8517509784798105,0.8517509784798105,2,core
S01008972,0.21442303199782506,0.785576968002175,0.785576968002175,2,core
S01008973,0.14830551120444702,0.851694488795553,0.851694488795553,2,core
S01008974,0.32491615984481453,0.6750838401551855,0.6750838401551855,2,core
S01008976,0.175306581718468,0.824693418281532,0.824693418281532,2,core
S01008977,0.14555645637357043,0.8544435436264296,0.8544435436264296,2,core
S01008978,0.15495836807913596,0.845041631920864,0.845041631920864,2,core
S01008979,0.19260992288724388,0.8073900771127561,0.8073900771127561,2,core
S01008980,0.5297492876153744,0.4702507123846255,0.5297492876153744,1,borderline
S01008981,0.21925730426896342,0.7807426957310366,0.7807426957310366,2,core
S01008982,0.3920927120857307,0.6079072879142693,0.6079072879142693,2,core
S01008983,0.6263986669265437,0.37360133307345633,0.6263986669265437,1,core
S01008985,0.185072900669987,0.8149270993300131,0.8149270993300131,2,core
S01008986,0.10839319082283931,0.8916068091771607,0.8916068091771607,2,core
S01008988,0.25503981097955414,0.7449601890204458,0.7449601890204458,2,core
S01008989,0.29361232872741594,0.7063876712725841,0.7063876712725841,2,core
S01008990,0.33903373117910524,0.6609662688208947,0.6609662688208947,2,core
S01008991,0.2684583504120589,0.731541649587941,0.731541649587941,2,core
S01008992,0.5374771359068993,0.4625228640931007,0.5374771359068993,1,borderline
S01008993,0.31485400055038215,0.6851459994496177,0.6851459994496177,2,core
S01008994,0.5627636988031924,0.4372363011968076,0.5627636988031924,1,borderline
S01008995,0.2398444419574382,0.7601555580425619,0.7601555580425619,2,core
S01008996,0.44961932727763,0.5503806727223699,0.5503806727223699,2,borderline
S01008997,0.311047910749552,0.6889520892504479,0.6889520892504479,2,core
S01008998,0.577943665540213,0.422056334459787,0.577943665540213,1,borderline
S01008999,0.5325751628839357,0.46742483711606425,0.5325751628839357,1,borderline
S01009000,0.24247260209750382,0.7575273979024961,0.7575273979024961,2,core
S01009001,0.24141135273682637,0.7585886472631737,0.7585886472631737,2,core
S01009002,0.20809859288414434,0.7919014071158557,0.7919014071158557,2,core
S01009003,0.20627639997651556,0.7937236000234843,0.7937236000234843,2,core
S01009005,0.2137378019873585,0.7862621980126415,0.7862621980126415,2,core
S01009006,0.43121567451635023,0.5687843254836498,0.5687843254836498,2,borderline
S01009007,0.49124714777684675,0.5087528522231534,0.5087528522231534,2,borderline
S01009008,0.3605592276955326,0.6394407723044675,0.6394407723044675,2,core
S01009009,0.9073065003245647,0.09269349967543522,0.9073065003245647,1,core
S01009010,0.11603711880138964,0.8839628811986104,0.8839628811986104,2,core
S01009011,0.12565419780067633,0.8743458021993237,0.8743458021993237,2,core
S01009012,0.10127792021409156,0.8987220797859085,0.8987220797859085,2,core
S01009013,0.04453085688561904,0.9554691431143809,0.9554691431143809,2,core
S01010930,0.37950487822302603,0.620495121776974,0.620495121776974,2,core
S01010931,0.4317162739115003,0.5682837260884998,0.5682837260884998,2,borderline
S01010932,0.48682515290881373,0.5131748470911861,0.5131748470911861,2,borderline
S01010933,0.41851605778844364,0.5814839422115563,0.5814839422115563,2,borderline
S01010934,0.10582981682752476,0.8941701831724752,0.8941701831724752,2,core
S01010935,0.2483742365125245,0.7516257634874756,0.7516257634874756,2,core
S01010936,0.8025072071364365,0.1974927928635635,0.8025072071364365,1,core
S01010937,0.2295494591584239,0.770450540841576,0.770450540841576,2,core
S01010938,0.8882554681810989,0.11174453181890101,0.8882554681810989,1,core
S01010939,0.1490881871056905,0.8509118128943095,0.8509118128943095,2,core
S01010940,0.13661378588537088,0.8633862141146292,0.8633862141146292,2,core
S01010941,0.1392305480893016,0.8607694519106984,0.8607694519106984,2,core
S01010942,0.13201037891493952,0.8679896210850605,0.8679896210850605,2,core
S01010943,0.7371621942452715,0.26283780575472854,0.7371621942452715,1,core
S01010944,0.8514282065890614,0.14857179341093857,0.8514282065890614,1,core
S01010945,0.7709611346296403,0.2290388653703596,0.7709611346296403,1,core
S01010946,0.9194057817069795,0.08059421829302048,0.9194057817069795,1,core
S01010947,0.743140020788281,0.2568599792117189,0.743140020788281,1,core
S01010948,0.6288505696207998,0.37114943037920023,0.6288505696207998,1,core
S01010949,0.20170008196645836,0.7982999180335417,0.7982999180335417,2,core
S01010950,0.5162870026177451,0.4837129973822549,0.5162870026177451,1,borderline
S01010951,0.29809481515833186,0.7019051848416682,0.7019051848416682,2,core
S01010952,0.21842153067328107,0.7815784693267189,0.7815784693267189,2,core
S01010953,0.20826220840156118,0.7917377915984387,0.7917377915984387,2,core
S01010954,0.323727898163822,0.6762721018361779,0.6762721018361779,2,core
S01010955,0.243531880189391,0.756468119810609,0.756468119810609,2,core
S01010956,0.3509773175616814,0.6490226824383186,0.6490226824383186,2,core
S01010957,0.23438759520756375,0.7656124047924363,0.7656124047924363,2,core
S01010958,0.41924596622450944,0.5807540337754905,0.5807540337754905,2,borderline
S01010959,0.4091301985742599,0.5908698014257402,0.5908698014257402,2,borderline
S01010960,0.48973383069719134,0.5102661693028087,0.5102661693028087,2,borderline
S01010961,0.7129574509315437,0.28704254906845633,0.7129574509315437,1,core
S01010963,0.32468299026516484,0.6753170097348351,0.6753170097348351,2,core
S01010964,0.4086096582223103,0.5913903417776897,0.5913903417776897,2,borderline
S01010965,0.8187720593676324,0.18122794063236763,0.8187720593676324,1,core
S01010966,0.7706322770395232,0.2293677229604769,0.7706322770395232,1,core
S01010967,0.8063302386450314,0.19366976135496863,0.8063302386450314,1,core
S01010968,0.4966717481875607,0.5033282518124392,0.5033282518124392,2,borderline
S01010969,0.6740370278696856,0.32596297213031455,0.6740370278696856,1,core
S01010970,0.5764095613999535,0.4235904386000465,0.5764095613999535,1,borderline
S01010971,0.3255863682149773,0.6744136317850228,0.6744136317850228,2,core
S01010972,0.5362949483978401,0.4637050516021599,0.5362949483978401,1,borderline
S01010973,0.32843609439449023,0.6715639056055098,0.6715639056055098,2,core
S01010974,0.5804683286823975,0.4195316713176025,0.5804683286823975,1,borderline
S01010975,0.6515623919529914,0.3484376080470085,0.6515623919529914,1,core
S01010976,0.5146643683895277,0.4853356316104723,0.5146643683895277,1,borderline
S01010977,0.48789648920124773,0.5121035107987522,0.5121035107987522,2,borderline
S01010978,0.6497797175866616,0.3502202824133384,0.6497797175866616,1,core
S01010979,0.610188210820031,0.3898117891799689,0.610188210820031,1,core
S01010980,0.6631727175316665,0.33682728246833354,0.6631727175316665,1,core
S01010981,0.7202885762011062,0.27971142379889385,0.7202885762011062,1,core
S01010982,0.24575576094110657,0.7542442390588934,0.7542442390588934,2,core
S01010983,0.5549297749731275,0.4450702250268726,0.5549297749731275,1,borderline
S01010984,0.43232435929654495,0.5676756407034551,0.5676756407034551,2,borderline
S01010985,0.3975894647462279,0.6024105352537722,0.6024105352537722,2,core
S01010986,0.2538347583706257,0.7461652416293744,0.7461652416293744,2,core
S01010987,0.22050419728426068,0.7794958027157393,0.7794958027157393,2,core
S01010989,0.2558656974409975,0.7441343025590025,0.7441343025590025,2,core
S01010990,0.5033792615487658,0.49662073845123417,0.5033792615487658,1,borderline
S01010991,0.2808631779902851,0.719136822009715,0.719136822009715,2,core
S01010992,0.35057867582028635,0.6494213241797135,0.6494213241797135,2,core
S01010993,0.2982298407960611,0.7017701592039389,0.7017701592039389,2,core
S01010994,0.19258843696896447,0.8074115630310356,0.8074115630310356,2,core
S01010995,0.1338800710981715,0.8661199289018284,0.8661199289018284,2,core
S01010996,0.22480786945204426,0.7751921305479558,0.7751921305479558,2,core
S01010997,0.1082839763216774,0.8917160236783226,0.8917160236783226,2,core
S01010998,0.1765896928705031,0.8234103071294969,0.8234103071294969,2,core
S01010999,0.27673914044035997,0.72326085955964,0.72326085955964,2,core
S01011000,0.2714184530758696,0.7285815469241304,0.7285815469241304,2,core
S01011001,0.6736680353980474,0.32633196460195263,0.6736680353980474,1,core
S01011002,0.6985613939396468,0.3014386060603532,0.6985613939396468,1,core
S01011003,0.5447826705558205,0.4552173294441796,0.5447826705558205,1,borderline
S01011004,0.1896240272479069,0.810375972752093,0.810375972752093,2,core
S01011005,0.8748810780570057,0.12511892194299434,0.8748810780570057,1,core
S01011006,0.5307074934942156,0.4692925065057844,0.5307074934942156,1,borderline
S01011007,0.8168658408672125,0.18313415913278763,0.8168658408672125,1,core
S01011008,0.7513556577949512,0.2486443422050488,0.7513556577949512,1,core
S01011009,0.7104834406566003,0.28951655934339965,0.7104834406566003,1,core
S01011010,0.6774074922186424,0.3225925077813577,0.6774074922186424,1,core
S01011011,0.7675524563141757,0.23244754368582432,0.7675524563141757,1,core
S01011012,0.7454743626445245,0.2545256373554755,0.7454743626445245,1,core
S01011013,0.808226082862701,0.1917739171372989,0.808226082862701,1,core
S01011014,0.4982703789545098,0.5017296210454902,0.5017296210454902,2,borderline
S01011015,0.6606220387500871,0.339377961249913,0.6606220387500871,1,core
S01011016,0.2039933566232453,0.7960066433767548,0.7960066433767548,2,core
S01011017,0.41878513128961337,0.5812148687103865,0.5812148687103865,2,borderline
S01011018,0.487837668043668,0.512162331956332,0.512162331956332,2,borderline
S01011019,0.3619065569099353,0.6380934430900647,0.6380934430900647,2,core
S01011020,0.34024572406048614,0.6597542759395139,0.6597542759395139,2,core
S01011021,0.6993847774033216,0.30061522259667844,0.6993847774033216,1,core
S01011022,0.783482279058672,0.21651772094132815,0.783482279058672,1,core
S01011023,0.803813616020575,0.19618638397942512,0.803813616020575,1,core
S01011024,0.8166868289053771,0.18331317109462292,0.8166868289053771,1,core
S01011025,0.770674297602704,0.22932570239729597,0.770674297602704,1,core
S01011026,0.7617249395380247,0.23827506046197533,0.7617249395380247,1,core
S01011027,0.7981419691693957,0.20185803083060436,0.7981419691693957,1,core
S01011028,0.877504481231768,0.1224955187682319,0.877504481231768,1,core
S01011029,0.6871755262747321,0.31282447372526784,0.6871755262747321,1,core
S01011030,0.2951342693612326,0.7048657306387673,0.7048657306387673,2,core
S01011031,0.8656010018848562,0.1343989981151438,0.8656010018848562,1,core
S01011032,0.8214296280676513,0.17857037193234881,0.8214296280676513,1,core
S01011033,0.3807613252893825,0.6192386747106176,0.6192386747106176,2,core
S01011034,0.7627971179586852,0.2372028820413148,0.7627971179586852,1,core
S01011035,0.6824048706630546,0.3175951293369454,0.6824048706630546,1,core
S01011036,0.8097515486860122,0.19024845131398785,0.8097515486860122,1,core
S01011037,0.9483040611467285,0.05169593885327139,0.9483040611467285,1,core
S01011038,0.8649067361855247,0.13509326381447528,0.8649067361855247,1,core
S01011039,0.7789833365183799,0.2210166634816202,0.7789833365183799,1,core
S01011040,0.8468322011368058,0.1531677988631941,0.8468322011368058,1,core
S01011041,0.8332886869735148,0.16671131302648526,0.8332886869735148,1,core
S01011042,0.695295977158814,0.30470402284118603,0.695295977158814,1,core
S01011043,0.784330457121604,0.21566954287839596,0.784330457121604,1,core
S01011044,0.8769755097215901,0.12302449027840995,0.8769755097215901,1,core
S01013243,0.8429887639434315,0.15701123605656855,0.8429887639434315,1,core
S01013244,0.8124172525789265,0.1875827474210734,0.8124172525789265,1,core
S01013245,0.36582331062824913,0.6341766893717509,0.6341766893717509,2,core
S01013246,0.6572614816672987,0.34273851833270125,0.6572614816672987,1,core
S01013247,0.7782522045587599,0.2217477954412402,0.7782522045587599,1,core
S01013248,0.7477357680223472,0.2522642319776528,0.7477357680223472,1,core
S01013249,0.8023882806621828,0.19761171933781718,0.8023882806621828,1,core
S01013250,0.3805902610253273,0.6194097389746727,0.6194097389746727,2,core
S01013251,0.7103491943651618,0.28965080563483836,0.7103491943651618,1,core
S01013252,0.564813665896566,0.435186334103434,0.564813665896566,1,borderline
S01013253,0.5499152180523366,0.4500847819476635,0.5499152180523366,1,borderline
S01013254,0.7042984640420361,0.2957015359579639,0.7042984640420361,1,core
S01013255,0.669955437719861,0.33004456228013895,0.669955437719861,1,core
S01013256,0.6720842248896353,0.32791577511036474,0.6720842248896353,1,core
S01013257,0.7245886438379705,0.27541135616202944,0.7245886438379705,1,core
S01013258,0.2095816749844542,0.7904183250155459,0.7904183250155459,2,core
S01013259,0.6900913231570133,0.3099086768429869,0.6900913231570133,1,core
S01013260,0.9093750310676652,0.09062496893233492,0.9093750310676652,1,core
S01013261,0.8563862538072399,0.14361374619276016,0.8563862538072399,1,core
S01013262,0.739837332668355,0.260162667331645,0.739837332668355,1,core
S01013263,0.2501259089369007,0.7498740910630993,0.7498740910630993,2,core
S01013266,0.10229542844518906,0.8977045715548109,0.8977045715548109,2,core
S01013267,0.7756167076253206,0.22438329237467936,0.7756167076253206,1,core
S01013268,0.5241599048999583,0.4758400951000416,0.5241599048999583,1,borderline
S01013269,0.16330772817958583,0.8366922718204141,0.8366922718204141,2,core
S01013272,0.2554277341129931,0.7445722658870069,0.7445722658870069,2,core
S01013274,0.12381213113170965,0.8761878688682904,0.8761878688682904,2,core
S01013275,0.3158646188974633,0.6841353811025367,0.6841353811025367,2,core
S01013277,0.8222485987961271,0.17775140120387292,0.8222485987961271,1,core
S01013278,0.8783513288587336,0.12164867114126651,0.8783513288587336,1,core
S01013279,0.8629414160254179,0.13705858397458215,0.8629414160254179,1,core
S01013280,0.4717029774284229,0.5282970225715771,0.5282970225715771,2,borderline
S01013281,0.8747067357973443,0.12529326420265574,0.8747067357973443,1,core
S01013282,0.8410237947048277,0.15897620529517234,0.8410237947048277,1,core
S01013283,0.6004093865413238,0.3995906134586762,0.6004093865413238,1,core
S01013284,0.19052118614218555,0.8094788138578145,0.8094788138578145,2,core
S01013287,0.11166294326863697,0.888337056731363,0.888337056731363,2,core
S01013288,0.3569024123805254,0.6430975876194746,0.6430975876194746,2,core
S01013289,0.38727981918837795,0.612720180811622,0.612720180811622,2,core
S01013290,0.4022418436538944,0.5977581563461056,0.5977581563461056,2,borderline
S01013291,0.4493448623233738,0.5506551376766262,0.5506551376766262,2,borderline
S01013292,0.2850112586899578,0.7149887413100422,0.7149887413100422,2,core
S01013293,0.258675383731056,0.7413246162689441,0.7413246162689441,2,core
S01013294,0.3786264420399759,0.6213735579600241,0.6213735579600241,2,core
S01013295,0.35357518860915216,0.6464248113908478,0.6464248113908478,2,core
S01013296,0.7511751279476999,0.2488248720523,0.7511751279476999,1,core
S01013297,0.5237778712830236,0.4762221287169764,0.5237778712830236,1,borderline
S01013298,0.38790642400028996,0.61209357599971,0.61209357599971,2,core
S01013299,0.49484753760456596,0.505152462395434,0.505152462395434,2,borderline
S01013300,0.5254248957776235,0.4745751042223765,0.5254248957776235,1,borderline
S01013301,0.6413336756173167,0.3586663243826833,0.6413336756173167,1,core
S01013302,0.40062323084688967,0.5993767691531104,0.5993767691531104,2,borderline
S01013303,0.28299175189816234,0.7170082481018376,0.7170082481018376,2,core
S01013304,0.9074388807312208,0.09256111926877925,0.9074388807312208,1,core
S01013305,0.8530197469018997,0.1469802530981001,0.8530197469018997,1,core
S01013306,0.7455870061486916,0.25441299385130844,0.7455870061486916,1,core
S01013307,0.8879970720591579,0.11200292794084207,0.8879970720591579,1,core
S01013308,0.8343736864216271,0.16562631357837287,0.8343736864216271,1,core
S01013309,0.5332398213631947,0.46676017863680536,0.5332398213631947,1,borderline
S01013310,0.8201843111312777,0.17981568886872235,0.8201843111312777,1,core
S01013311,0.8582788229012094,0.14172117709879062,0.8582788229012094,1,core
S01013312,0.8066903271167779,0.19330967288322204,0.8066903271167779,1,core
S01013313,0.8425085668915473,0.15749143310845273,0.8425085668915473,1,core
S01013314,0.8323079761046548,0.16769202389534518,0.8323079761046548,1,core
S01013315,0.11886220124924006,0.8811377987507599,0.8811377987507599,2,core
S01013316,0.22680364832379055,0.7731963516762095,0.7731963516762095,2,core
S01013317,0.2107872225489752,0.7892127774510248,0.7892127774510248,2,core
S01013320,0.10662483730768464,0.8933751626923153,0.8933751626923153,2,core
S01013322,0.6325044865249119,0.367495513475088,0.6325044865249119,1,core
S01013323,0.8250974048790265,0.1749025951209736,0.8250974048790265,1,core
S01013324,0.8416071661612536,0.1583928338387463,0.8416071661612536,1,core
S01013325,0.8068955465315165,0.19310445346848346,0.8068955465315165,1,core
S01013326,0.8964699492713012,0.10353005072869878,0.8964699492713012,1,core
S01013327,0.8268551354258744,0.17314486457412565,0.8268551354258744,1,core
S01013328,0.9055227690362113,0.09447723096378864,0.9055227690362113,1,core
S01013329,0.8051514780335713,0.19484852196642857,0.8051514780335713,1,core
S01013330,0.08962771102653821,0.9103722889734618,0.9103722889734618,2,core
S01013331,0.18098133138462388,0.8190186686153761,0.8190186686153761,2,core
S01013332,0.7655501044209972,0.2344498955790028,0.7655501044209972,1,core
S01013333,0.3245149654108198,0.6754850345891802,0.6754850345891802,2,core
S01013334,0.8207387110767344,0.1792612889232657,0.8207387110767344,1,core
S01013335,0.869214267914154,0.13078573208584593,0.869214267914154,1,core
S01013336,0.7735575369739367,0.22644246302606333,0.7735575369739367,1,core
S01013337,0.21251474461424566,0.7874852553857543,0.7874852553857543,2,core
S01013338,0.12301864319162083,0.8769813568083791,0.8769813568083791,2,core
S01013339,0.21692103942142213,0.783078960578578,0.783078960578578,2,core
S01013340,0.18881288872934573,0.8111871112706542,0.8111871112706542,2,core
S01013341,0.14183865678571703,0.858161343214283,0.858161343214283,2,core
S01013342,0.8219967421190641,0.1780032578809358,0.8219967421190641,1,core
S01013343,0.7147371737903466,0.2852628262096534,0.7147371737903466,1,core
S01013344,0.7991388775901824,0.20086112240981757,0.7991388775901824,1,core
S01013345,0.8817688637968184,0.11823113620318161,0.8817688637968184,1,core
S01013346,0.2248151440377374,0.7751848559622625,0.7751848559622625,2,core
S01013347,0.1879432558285196,0.8120567441714804,0.8120567441714804,2,core
S01013348,0.5878987100778985,0.41210128992210154,0.5878987100778985,1,borderline
S01013349,0.1362484626763318,0.8637515373236682,0.8637515373236682,2,core
S01013350,0.7295478238251268,0.2704521761748731,0.7295478238251268,1,core
S01013351,0.6226510377830584,0.37734896221694153,0.6226510377830584,1,core
S01013352,0.696265740458695,0.30373425954130506,0.696265740458695,1,core
S01013353,0.8432642642751622,0.15673573572483784,0.8432642642751622,1,core
S01013354,0.2552153006901493,0.7447846993098506,0.7447846993098506,2,core
S01013355,0.4603180711995253,0.5396819288004746,0.5396819288004746,2,borderline
S01013356,0.9104396639253333,0.08956033607466664,0.9104396639253333,1,core
S01013357,0.36073365857088213,0.6392663414291179,0.6392663414291179,2,core
S01013358,0.8555923403030479,0.14440765969695207,0.8555923403030479,1,core
S01013359,0.7621964925297193,0.2378035074702807,0.7621964925297193,1,core
S01013360,0.8266058941184709,0.17339410588152923,0.8266058941184709,1,core
S01013361,0.7940951098282719,0.20590489017172806,0.7940951098282719,1,core
S01013362,0.7808822775868612,0.2191177224131387,0.7808822775868612,1,core
S01013363,0.7749999362203476,0.22500006377965248,0.7749999362203476,1,core
S01013364,0.5361619830593847,0.4638380169406154,0.5361619830593847,1,borderline
S01013365,0.3522858150691388,0.6477141849308613,0.6477141849308613,2,core
S01013366,0.17694929828944791,0.8230507017105522,0.8230507017105522,2,core
S01013367,0.3133434194450364,0.6866565805549636,0.6866565805549636,2,core
S01013368,0.5581398960897391,0.4418601039102608,0.5581398960897391,1,borderline
S01013369,0.8703034330776358,0.12969656692236425,0.8703034330776358,1,core
S01013370,0.7861579182192152,0.21384208178078484,0.7861579182192152,1,core
S01013371,0.766196840729763,0.23380315927023698,0.766196840729763,1,core
S01013372,0.8203734423223443,0.17962655767765573,0.8203734423223443,1,core
S01013373,0.8166635335244191,0.18333646647558097,0.8166635335244191,1,core
S01013374,0.7588488541558863,0.24115114584411362,0.7588488541558863,1,core
S01013375,0.8222215859345714,0.1777784140654286,0.8222215859345714,1,core
S01013376,0.7579017916095558,0.24209820839044408,0.7579017916095558,1,core
S01013377,0.8041659092727638,0.19583409072723623,0.8041659092727638,1,core
S01013378,0.6880469385847787,0.3119530614152212,0.6880469385847787,1,core
S01013379,0.5046488483840933,0.49535115161590676,0.5046488483840933,1,borderline
S01013380,0.6303727736645142,0.36962722633548595,0.6303727736645142,1,core
S01013382,0.42480174261353704,0.5751982573864629,0.5751982573864629,2,borderline
S01013383,0.7732193397246152,0.22678066027538488,0.7732193397246152,1,core
S01013384,0.8413127730387799,0.1586872269612201,0.8413127730387799,1,core
S01013386,0.18420508815142353,0.8157949118485764,0.8157949118485764,2,core
S01013387,0.7859610364525308,0.21403896354746918,0.7859610364525308,1,core
S01013388,0.7686653162740877,0.23133468372591226,0.7686653162740877,1,core
S01013389,0.6850004190746743,0.3149995809253257,0.6850004190746743,1,core
S01013390,0.6837384160563799,0.31626158394362014,0.6837384160563799,1,core
S01013391,0.32269047425398867,0.6773095257460113,0.6773095257460113,2,core
S01013392,0.15669527557489024,0.8433047244251098,0.8433047244251098,2,core
S01013393,0.7838171087399524,0.21618289126004758,0.7838171087399524,1,core
S01013394,0.8487603880045588,0.15123961199544125,0.8487603880045588,1,core
S01013395,0.7092933623273456,0.29070663767265437,0.7092933623273456,1,core
S01013396,0.16177787441151303,0.838222125588487,0.838222125588487,2,core
S01013397,0.7290369799365104,0.2709630200634897,0.7290369799365104,1,core
S01013398,0.19980782768800381,0.8001921723119961,0.8001921723119961,2,core
S01013399,0.33383900413572365,0.6661609958642764,0.6661609958642764,2,core
S01013400,0.7497408038348976,0.2502591961651024,0.7497408038348976,1,core
S01013401,0.22399003992897726,0.7760099600710227,0.7760099600710227,2,core
S01013402,0.11137311313832168,0.8886268868616782,0.8886268868616782,2,core
S01013403,0.1153780257105489,0.8846219742894511,0.8846219742894511,2,core
S01013404,0.34763944571041516,0.6523605542895848,0.6523605542895848,2,core
S01013405,0.41054547021708937,0.5894545297829107,0.5894545297829107,2,borderline
S01013406,0.736108951821258,0.26389104817874187,0.736108951821258,1,core
S01013407,0.866247490967663,0.13375250903233704,0.866247490967663,1,core
S01013408,0.8638396555004343,0.13616034449956582,0.8638396555004343,1,core
S01013409,0.5171483662431766,0.48285163375682344,0.5171483662431766,1,borderline
S01013410,0.8088133498194936,0.1911866501805064,0.8088133498194936,1,core
S01013411,0.5178252604987044,0.4821747395012956,0.5178252604987044,1,borderline
S01013412,0.6015865645900556,0.39841343540994445,0.6015865645900556,1,core
S01013413,0.32003026134852364,0.6799697386514764,0.6799697386514764,2,core
S01013414,0.6949855828873467,0.3050144171126533,0.6949855828873467,1,core
S01013415,0.7709184755409114,0.22908152445908855,0.7709184755409114,1,core
S01013416,0.8307620090512066,0.1692379909487935,0.8307620090512066,1,core
S01013417,0.8471114592905624,0.15288854070943758,0.8471114592905624,1,core
S01013418,0.6420624763853775,0.35793752361462244,0.6420624763853775,1,core
S01013420,0.6257588865789507,0.3742411134210493,0.6257588865789507,1,core
S01013421,0.13170715116660975,0.8682928488333903,0.8682928488333903,2,core
S01013422,0.3998786742141016,0.6001213257858983,0.6001213257858983,2,core
S01013423,0.22906074973498142,0.7709392502650186,0.7709392502650186,2,core
S01013424,0.12710853885617576,0.8728914611438243,0.8728914611438243,2,core
S01013425,0.47589010404614146,0.5241098959538585,0.5241098959538585,2,borderline
S01013426,0.7999554222408313,0.20004457775916876,0.7999554222408313,1,core
S01013427,0.20418299032173787,0.7958170096782621,0.7958170096782621,2,core
S01013428,0.8598220687472707,0.14017793125272923,0.8598220687472707,1,core
S01013429,0.6554591493910946,0.3445408506089054,0.6554591493910946,1,core
S01013431,0.8096994204011776,0.1903005795988224,0.8096994204011776,1,core
S01013432,0.42476435242480964,0.5752356475751903,0.5752356475751903,2,borderline
S01013433,0.3757570753395424,0.6242429246604577,0.6242429246604577,2,core
S01013434,0.3170569098220162,0.6829430901779838,0.6829430901779838,2,core
S01013436,0.35137750736629264,0.6486224926337073,0.6486224926337073,2,core
S01013437,0.3750420307868211,0.6249579692131789,0.6249579692131789,2,core
S01013438,0.7070718145952809,0.29292818540471904,0.7070718145952809,1,core
S01013439,0.12002968967965791,0.879970310320342,0.879970310320342,2,core
S01013440,0.14927301902744156,0.8507269809725584,0.8507269809725584,2,core
S01013441,0.1253596826652173,0.8746403173347828,0.8746403173347828,2,core
S01013443,0.26709221008887524,0.7329077899111248,0.7329077899111248,2,core
S01013444,0.6972527558008996,0.30274724419910043,0.6972527558008996,1,core
S01013445,0.2224976444887288,0.7775023555112712,0.7775023555112712,2,core
S01013446,0.4835057497230233,0.5164942502769766,0.5164942502769766,2,borderline
S01013447,0.1968473631326273,0.8031526368673727,0.8031526368673727,2,core
S01013448,0.12253691695437716,0.8774630830456227,0.8774630830456227,2,core
S01013449,0.15454001611311505,0.8454599838868849,0.8454599838868849,2,core
S01013450,0.19987912913488742,0.8001208708651126,0.8001208708651126,2,core
S01013452,0.15095958893570216,0.8490404110642978,0.8490404110642978,2,core
S01013453,0.6917621561053048,0.3082378438946953,0.6917621561053048,1,core
S01013454,0.3071129780945005,0.6928870219054996,0.6928870219054996,2,core
S01013455,0.276229986398241,0.7237700136017591,0.7237700136017591,2,core
S01013456,0.8142256951631157,0.18577430483688426,0.8142256951631157,1,core
S01013457,0.7225332012413639,0.27746679875863606,0.7225332012413639,1,core
S01013458,0.22327966589570744,0.7767203341042925,0.7767203341042925,2,core
S01013459,0.8130335962384998,0.18696640376150025,0.8130335962384998,1,core
S01013460,0.9019529719587264,0.09804702804127358,0.9019529719587264,1,core
S01013461,0.40330448645525174,0.5966955135447481,0.5966955135447481,2,borderline
S01013462,0.2816000196894673,0.7183999803105326,0.7183999803105326,2,core
S01013463,0.7084388307408912,0.2915611692591088,0.7084388307408912,1,core
S01013464,0.4186079019193043,0.5813920980806957,0.5813920980806957,2,borderline
S01013465,0.4010752615644493,0.5989247384355506,0.5989247384355506,2,borderline
S01013466,0.461115017956074,0.5388849820439259,0.5388849820439259,2,borderline
S01013467,0.158513605328469,0.8414863946715311,0.8414863946715311,2,core
S01013468,0.8030205289977839,0.19697947100221608,0.8030205289977839,1,core
S01013469,0.2483599381465171,0.7516400618534829,0.7516400618534829,2,core
S01013470,0.8342003598598621,0.16579964014013795,0.8342003598598621,1,core
S01013471,0.6319688625965911,0.3680311374034088,0.6319688625965911,1,core
S01013472,0.19060847799407885,0.8093915220059211,0.8093915220059211,2,core
S01013473,0.10267861304622425,0.8973213869537758,0.8973213869537758,2,core
S01013474,0.09580047606625798,0.904199523933742,0.904199523933742,2,core
S01013475,0.08320868164392002,0.9167913183560799,0.9167913183560799,2,core
S01013476,0.5996712228891603,0.40032877711083975,0.5996712228891603,1,borderline
S01013477,0.747198255877654,0.252801744122346,0.747198255877654,1,core
S01013478,0.5648981657948376,0.4351018342051624,0.5648981657948376,1,borderline
S01013479,0.83522682149582,0.16477317850418,0.83522682149582,1,core
S01013480,0.6317507163782307,0.36824928362176934,0.6317507163782307,1,core
S01013481,0.2858339527091829,0.7141660472908171,0.7141660472908171,2,core
